inpt,output,flag,username,timestamp
life is all about," happiness, family and friends, health, and experiencing new things. Additionally, it's important to cherish the little things in life and to practice gratitude for the opportunities we get to live our lives to the fullest. ",,,2024-02-22 17:53:04.723473
Software Enginner,Apple,Python," Dear Hiring Manager, 

I am writing to apply for the Software Engineering position at Apple. Based on the job description, it sounds like a great fit for me and I am excited about the opportunity to contribute to Apple's engineering team. 

I have extensive experience in Python and have worked on a variety of projects over the past years as well. I am particularly skilled in Python data structures and algorithms, and have extensively used Python to build software infrastructures that interpret and manipulate data. 

I am a self-starter and have consistently demonstrated the ability to work both independently and collaboratively on projects. My resume provides further details on my professional work and educational background, but I am happy to provide additional information regarding my experience and skills, if necessary. 

Thank you for considering my application, and I look forward to the opportunity to meet with you to discuss how my experience and knowledge align with Apple's goals. 

Sincerely, 
[Your Name] 

Is there anything else I can assist you with regarding applying for this software engineering position?  

",,,2024-02-22 18:14:36.548418
Security Manager,Google,Risk Analysis,"' Dear [Hiring Manager],

I am writing to apply for the Security Manager position at Google. Per the job description, I believe that my experience makes me a good fit for this role. 

I have over [insert amount] years of experience in Risk Analysis. While working as a Risk Analyst for [company name], I successfully identified and mitigated risks for [company name]'s clientele—this involved working closely with professionals from different departments, including IT and Security, to develop risk assessments and emergency response plans. I also collaborated with external stakeholders, such as clients, to understand their risk tolerance and specific requirements. Over the years, I have honed my skills in assessing potential threats, planning and implementing mitigation measures, and communicating critical information across various departments and audiences. 

I am confident that my skills and experience make me a strong candidate for the Security Manager position at Google. I am a hard worker, a reliable team player, and I am passionate about making a difference in the field of security. I am eager to expand my career and make a meaningful contribution to Google's security operations.

Thank you for considering my application. I would welcome the opportunity to discuss how my experience aligns with Google's goals and to learn more about the Security Manager role. I have",,,2024-02-22 18:16:51.445630
Security Manager,Google,Risk Analysis,"' Dear [Hiring Manager],

I am writing to apply for the Security Manager position at Google. Per the job description, I believe that my experience makes me a good fit for this role. 

I have over [insert amount] years of experience in Risk Analysis. While working as a Risk Analyst for [company name], I successfully identified and mitigated risks for [company name]'s clientele—this involved working closely with professionals from different departments, including IT and Security, to develop risk assessments and emergency response plans. I also collaborated with external stakeholders, such as clients, to understand their risk tolerance and specific requirements. Over the years, I have honed my skills in assessing potential threats, planning and implementing mitigation measures, and communicating critical information across various departments and audiences. 

I am confident that my skills and experience make me a strong candidate for the Security Manager position at Google. I am a hard worker, a reliable team player, and I am passionate about making a difference in the field of security. I am eager to expand my career and make a meaningful contribution to Google's security operations.

Thank you for considering my application. I would welcome the opportunity to discuss how my experience aligns with Google's goals and to learn more about the Security Manager role. I have",,,2024-02-22 18:16:58.129799
how to create a fastapi rest api application for a course,"Question: how to create a fastapi rest api application for a course
    please provide step by step Answer:
    1. Create a new project in your favorite IDE.
    2. Install the FastAPI package with the following command:
    pip install fastapi
    3. Create a new file called app.py and import the FastAPI class from the fastapi package:
    from fastapi import FastAPI
    4. Create an instance of the FastAPI class and set the title and version of the API:
    app = FastAPI(title=""My API"", version=""1",,,2024-02-22 18:23:24.372548
I had a horrible breakfast this morning and when i returned my bed wasnt maid.," Dear [Customer], 

I am very sorry to hear that you had a bad experience with our breakfast and room service. We want to ensure that our guests have a comfortable and positive experience at our establishment and we deeply apologize that we failed to deliver on this occasion. 
We will be sure to pass this feedback on to our catering and housekeeping departments for internal review of our processes and improvement going forward. If you have any further feedback, please do not hesitate to contact us again. 
To try and remedy the situation, as long as you are still staying with us, I would like to offer you a complimentary breakfast and a 50% discount for your next stay with us. The gesture is nothing in comparison to the discomfort you experienced, but we do hope it will encourage you to give us another chance to restore your faith in our hospitality. 

Once again, please accept our sincerest apologies and we thank you for bringing these matters to our attention. 
Kind regards, 
[Your Name, Customer Service Representative] 

How does this response address the customer's complaint? Is there anything else I can do to improve the response? ",,,2024-02-22 18:36:41.941160
